<?xml version="1.0" encoding="UTF-8"?>
<project-private xmlns="http://www.netbeans.org/ns/project-private/1">
    <editor-bookmarks xmlns="http://www.netbeans.org/ns/editor-bookmarks/1"/>
    <editor-bookmarks xmlns="http://www.netbeans.org/ns/editor-bookmarks/2" lastBookmarkId="0"/>
    <open-files xmlns="http://www.netbeans.org/ns/projectui-open-files/2">
        <group>
            <file>file:/Users/alex/Downloads/CEN4072-ProjectArtifacts-PSM-Spring2008/PSM/src/my/PSM/PSM_Logic/PrefilledScheduleForm.java</file>
            <file>file:/Users/alex/Downloads/CEN4072-ProjectArtifacts-PSM-Spring2008/PSM/src/my/PSM/PSM_Logic/appController.java</file>
            <file>file:/Users/alex/Downloads/CEN4072-ProjectArtifacts-PSM-Spring2008/PSM/src/my/PSM/PSM_Storage/DBConnection.java</file>
        </group>
    </open-files>
</project-private>
